ONTOLOGY	TERM	N	DE	P.DE	FDR
CC	Ndc80 complex	4	1	0.00230675660874091	0.548239154010757
CC	NMS complex	4	1	0.00230675660874091	0.548239154010757
CC	cell body	545	3	0.00341309309674671	0.593264223122681
CC	outer kinetochore	12	1	0.00690545402047105	0.697145305004723
CC	phagocytic cup	28	1	0.0160438586834359	0.924385554851703
CC	neuronal cell body	481	2	0.0305024116909098	1
